Representative,Financials,Utilities,Consumer Discretionary,Real Estate,Industrials,Energy,Consumer Staples,Materials,Health Care,Communication Services,Technology
Robert P Corker Jr,0.20074575985063792,0.00373339622952079,0.02983280681070211,0.08588772366062368,0.0919666801815451,0.13376380060018636,0.05509575488639913,0.007678234891181433,0.0933006354505669,0.004439595482832419,0.29355561195580443
Katherine M. Clark,0.057010106532507036,0.0037569727725046092,0.0438814046538667,0.005577281826458814,0.0431218862993978,0.023120457029413455,0.06402458917173245,0.02178620513500895,0.11440166195889878,0.013333501990056734,0.6099859326301545
K. Michael Conaway,0.14497318097157544,0.07371948134365144,0.09829466083447977,0.0020732368243467714,0.09319355387205142,0.06337604477646257,0.1380203345205039,0.016534294947107404,0.14666397878896423,0.026966377659051875,0.1961848554618052
Thomas Macarthur,0.19327425822918937,0.02003037191256323,0.0721214261691014,3.8175514395722855e-05,0.2037858041598086,0.0867444936093559,0.05314190664068535,0.04456804274730085,0.10625579991639315,0.012387867603922591,0.20765185349728385
Lois Frankel,0.1938562807972881,0.10159169084025105,0.08913713355503647,0.012487247868395671,0.18784305346273675,0.10685473097926695,0.07534135085347249,0.04926078746587441,0.06945483579062399,0.0,0.11417288838705418
Josh Gottheimer,0.018458250550324583,0.0,0.01951579675541196,0.0024111659264825108,0.024090288569319707,0.003124037708931414,0.004196143428703318,0.005931854430445626,0.017059546335424378,0.004266849097108511,0.900946067197848
David P. Joyce,0.24468319051555706,0.01562128535993047,0.07189064408054578,0.0,0.0839759981247343,0.022738072664979982,0.05929933721803506,0.010588772624326418,0.14359311702909922,0.009518405496674185,0.3380911768861175
Nicholas Van Taylor,0.02046554417427521,0.11504757464577145,0.004312160670165102,0.0,0.0,0.5064567364286673,0.229561048924632,0.0,0.12415693515648886,0.0,0.0
Robert J. Wittman,0.12006129255573743,0.01947058500380383,0.10734255793075638,0.021420649955819618,0.07085438084237176,0.05619402595079835,0.06602449464820832,0.018192874125841703,0.11126518236310048,0.011517307240178312,0.39765664938338374
Virginia Foxx,0.02462573936390639,0.08680950103507519,0.05438130346938163,0.08416312434640266,0.0406505143959556,0.2099685950258359,0.16944230308617772,0.1500695456600833,0.09225486701990063,0.014793409774068551,0.07284109682321238
Angus King,0.02899240402899241,0.0,0.08462942408462941,0.0,0.0,0.0,0.0,0.0,0.5735529265735531,0.266471138266471,0.04635410704635411
Donald Sternoff Beyer Jr.,0.40443230178776146,0.011558759521795515,0.16174158377285472,0.0,0.13383514564530227,0.0002837573231429004,0.10602858027000583,0.0,0.06269209631765979,0.03191422533681894,0.0875135500246585
Pat Roberts,0.1275626037588105,0.0,0.07522162920872472,0.0,0.11756259662910315,0.008692846374542667,0.0007362571682273676,0.0005730465599622725,0.0,0.27319501087815773,0.39645600942247156
Thomas Suozzi,0.10766875130984337,0.0017461325351634696,0.15873304761022744,0.009368774924179708,0.12175930185055849,0.07819469374244482,0.038705826286076245,0.01707905774671268,0.13523404596631147,0.020705587698020344,0.310804780330462
Dean Phillips,0.2387392509964616,0.003389285195071919,0.1510845366195683,0.00890689722731305,0.12188003833905539,0.004273647938450223,0.13460765708254033,0.05118173677126558,0.09773356972753895,0.05197963363203238,0.13622374647070215
David Perdue,0.1976312185359805,0.0,0.07241058108570361,0.0,0.08895362368467481,0.09244063727432564,0.10742271137762646,0.019289281873252052,0.15200285884184225,0.013988967404917023,0.2558601199216777
Daniel Crenshaw,0.04088937900425179,0.0,0.33724796489388315,0.0,0.2194442664905637,0.02091869107925737,0.014905160070514267,0.0,0.03150711315208928,0.1853817093759688,0.14970571593347182
Dan Sullivan,0.0,0.0,0.19067802580400603,0.0,0.0,0.0,0.0592274806177004,0.0,0.08775720615993468,0.3272697318053015,0.33506755561305757
Jonathan Jackson,0.04439174894194953,0.0,0.19270124274648973,0.0,0.23724914400463645,0.08068754276500235,0.04057220139070332,0.07351912681374494,0.04148215930857732,0.11126927211503945,0.1781275619138569
Victoria Spartz,0.0,0.0,0.0,1.0,0.0,0.0,0.0,0.0,0.0,0.0,0.0
Thomas H. Kean,0.0,0.0,0.0,0.0,0.929402944,0.0,0.0,0.0,0.0,0.070597056,0.0
Daniel Goldman,0.05996148578467786,0.04279836643886018,0.1182203977338555,0.04488170421757968,0.013719357592465679,0.0009386953159373015,0.14989018145164537,0.04214821010681537,0.1837375933914711,0.09309057682905356,0.25061343113763834
Michael C. Burgess,0.22098932894696252,0.0,0.21602584194815388,0.0,0.10447645597492573,0.12074042197102228,0.0,0.09714840697668442,0.14850198920435956,0.06287343598491038,0.02924411899298134
Judy Chu,0.0,0.0,0.0,0.0,0.0,0.0,0.0,0.0,1.0,0.0,0.0
E. Scott Rigell,0.10781689656207614,0.015474339142328961,0.09474387601584024,0.0,0.09940680314742374,0.11467460434095951,0.15819654625597884,0.018742410480235384,0.20495349858825687,0.0018343860096380956,0.1841566394572622
Rubén Hinojosa,0.11215055542161156,0.0,0.03261554487628191,0.0,0.015993620488297607,0.05573313456182233,0.08354027028190834,0.0,0.15055662325533015,0.5494102511147481,0.0
James M. Inhofe,0.0864044320572287,0.0,0.035177842848273445,0.0,0.061861361525812286,0.05975398930590218,0.0012359933630052018,0.024240054154328932,0.3142468442836391,0.03343864348694884,0.3836408389748613
Sheldon Whitehouse,0.20666296246436092,0.0023990745475027876,0.0397473301480185,0.023702818845419606,0.090749595775304,0.0,0.07052295603849013,8.852794121512007e-05,0.1700619607817255,0.06376242342623567,0.33230235003172787
Lamar Smith,0.07714956627843136,0.0,0.1230555632273119,0.012690224723545028,0.15182567364571334,0.006739451107855815,0.14090485755746993,0.008677889085379819,0.25254529394085445,0.05640026670014142,0.1700112137332969
John F. Reed,0.03806754973488566,0.0004603481703264853,0.00081514689149346,0.0,0.07421660826829485,0.0006523718549936341,0.0006116780939538454,0.0005328339285882985,0.3274885553647455,0.0,0.5571549076927181
Earl Blumenauer,0.09252413975358255,0.03923694458631105,0.030223103328714918,0.06501158211930645,0.0511911174954138,0.0,0.12386145859988078,0.08837936558485004,0.21598480475525042,0.1766323795390554,0.11695510423763456
David A. Trott,0.7209427056716124,0.0,0.0,0.0,0.0,0.2790572943283875,0.0,0.0,0.0,0.0,0.0
Susan A. Davis,0.0,0.0,0.25260413850350616,0.0,0.10307586094921596,0.0,0.0062810027036411045,0.0,0.03132244464076172,0.055781539668316636,0.5509350135345584
Greg Gianforte,0.1325210337243743,0.0,0.12197196026837537,0.013175657621132628,0.18940524407822312,0.0,0.12005276843683844,0.07563935563279135,0.1899623813838074,0.028970193863184564,0.12830140499127268
Donna Shalala,0.04693209787144126,0.0,0.5050096270483113,0.04644352841327579,0.13151673888094365,0.020439842813035923,0.10442722770483671,0.021279674005141323,0.04496065184510925,0.0,0.07899061141790478
Susie Lee,0.1835458535074379,0.011999640307973644,0.30024632792199957,0.014517533619856351,0.11019318481971538,0.11947661007931264,0.07095374107393936,0.009276222949347733,0.031160717982648814,0.018331319131410267,0.1302988486063584
Ed Perlmutter,0.010177024010177008,0.0,0.16580395816580393,0.0,0.09183632009183627,0.05079520505079524,0.1529975481529976,0.042388063042388034,0.028766027028765923,0.18530625518530625,0.27192959927192983
John A. Yarmuth,0.21935101015719244,0.02247269417571597,0.1258929057479998,0.021686208259242588,0.11251093987065085,0.03522769809255082,0.16574056833955897,0.02716486217387351,0.13921225903348355,0.06554082230944658,0.06520003184028499
Tom Malinowski,0.0,0.0,0.024286445048016334,0.17104928661748534,0.09628512469927844,0.03917603911309275,0.3462432415636212,0.0,0.2685960119078019,0.0,0.05436385105070408
Michael K. Simpson,0.6449780976946811,0.010584432633317322,0.006532929145464233,0.0,0.09055165885073124,0.22066191818542824,0.00495695936591859,0.0019799451224585683,0.003755852158143982,0.0,0.015998206843856742
Marie Newman,0.10797844606099409,0.0009321762279159015,0.274778218840495,0.0,0.14196933680161575,0.0,0.016702040073982526,0.0,0.06147959228308961,0.13111725810209804,0.2650429316098091
Thomas R. Carper,0.33095490379097103,0.014207411821565,0.03489188077778932,0.017431055696296355,0.060737922209741724,0.027235452835501536,0.05006615924906723,0.11984114486698363,0.22479681302290241,0.038756868930469306,0.08108038679871246
Kevin Hern,0.07370007998622834,0.037512705685962926,0.06651029733337938,9.00462145693196e-05,0.18007926121413945,0.16224173179247292,0.04812474818385496,0.03552310411885236,0.13937187593104522,0.007740526057520729,0.24910562348197432
Michael Patrick Guest,0.272360552144224,0.014619622876335019,0.07984088257152422,0.0,0.013084236643855817,0.2565564921101825,0.011620381236566215,0.0,0.03826886041520715,0.2540376627614556,0.059611309240649675
Tommy Tuberville,0.24828135641066726,0.0,0.04268468360573224,0.0,0.00805245010710921,0.08662053157407051,0.06826674989584691,0.30564909915505983,0.008493221931451337,0.0012483528163551392,0.2307035545037076
Mark Dr Green,9.423760061260618e-06,0.08245652136083133,2.5917257144909937e-06,0.0,0.0014983813128870882,0.9160082764183444,3.4351867306324987e-06,0.0,7.261432719176391e-06,0.0,1.4108802711744164e-05
Kevin Yoder,0.0,0.0,0.0,0.0,0.145237006,0.854762994,0.0,0.0,0.0,0.0,0.0
Thad Cochran,0.24552706560522383,0.0006141625281311258,0.013793787521587312,0.034011144154148916,0.10102520104078425,0.1116336119067003,0.1532163582010628,0.016410125370332696,0.31860640608622304,0.0009902497476500264,0.004171887838155749
Thomas J. Rooney,0.23646536733479398,0.0023619206762372108,0.10512128121368727,0.06003413898376337,0.42961708288591505,0.0041164701570024385,0.006008986798556927,0.007290809378544033,0.04773472774492762,0.030803197155962837,0.07044601767060932
Bradley S. Schneider,0.00902841905076101,0.0,7.613415203595777e-05,0.0,0.025949011459591824,0.03242787125534063,0.022018887911115722,0.01210936562817071,0.2234855653958873,0.07585845651664197,0.599046288630455
Alan S. Lowenthal,0.11819141791962018,0.024056041200007393,0.1218859072464477,0.0,0.17031548577362005,0.0008405811351596742,0.024862457326890977,0.0051034029823027235,0.23434085086802636,0.13476788086685013,0.16563597468107474
Nick J. Rahall Ii,0.13733513653083096,0.0,0.6198077597333739,0.0,0.0,0.10252902627576226,0.0,0.14032807746003295,0.0,0.0,0.0
Pete Sessions,0.17973463118850846,0.004092560880437973,0.10457713328525019,0.004442985181954714,0.25197276557408826,0.03066820860146438,0.12882527937213173,0.06621191226209741,0.10104878105591622,0.08488587614143793,0.04353986645671275
Susan M. Collins,0.0024680695676864367,0.0031956973392492055,0.0035964939988877317,0.0002765674351832005,0.9656074882059865,0.0024195385834825684,0.003641425216152469,0.0011910817957243645,0.010770235402961825,0.0002818947308175817,0.006551507723867985
Raúl M. Grijalva,0.330502236364556,0.008700359562524034,0.08533339264976454,0.00877752348668819,0.08127014191314404,0.0064603478670453894,0.01074639592382867,0.004372359659659795,0.12294910496734685,0.02553070437480945,0.315357433230633
Nancy Pelosi,0.11542747634628242,0.0,0.15433815446301458,0.0,0.0,0.0,0.0,0.0,0.0,0.2216388066649163,0.5085955625257867
Bill Flores,0.12160850287600253,0.0,0.05821414587037895,0.0,0.06732174479184425,0.4471051404536734,0.044323767830223466,0.0014863082304285118,0.08556826037430616,0.0007452688738663393,0.17362686069927658
Gilbert Cisneros,0.15690177169985303,0.0,0.044541381338748284,0.014774033507224593,0.05757065975213037,0.0037070044397333607,0.06312181788130582,0.02576402399233256,0.0437708048723108,0.033210841910400433,0.5566376606059608
James R. Langevin,0.009943980535319249,0.0,0.8281175533555337,0.0,0.04527595557700613,0.0,0.00032662335910220956,0.0,0.0005393715821689791,0.04111104194022664,0.07468547365064311
Peter Meijer,0.0,0.0,0.0,0.0,0.0,0.0,1.0,0.0,0.0,0.0,0.0
Richard W. Allen,0.12652937551562507,0.0445769130860478,0.07563041942536677,0.0,0.14624829101322234,0.0,0.09752436701596293,0.09803329021481122,0.18536533238135472,0.05625681879240392,0.1698351925552053
Patrick Fallon,0.054551505507815665,0.0,0.0,0.0,0.34583149279538755,0.0983015600857785,0.0,0.0,0.07344479229812538,0.1849502820599812,0.24292036725291175
Cindy Axne,0.3784055900790903,0.0,0.19822414065279859,0.008854032565434612,0.029658854010579643,0.0,0.08959129258440372,0.02737160773875054,0.17719170863348663,0.04672154026799887,0.043981233467457165
Suzan K. Delbene,0.0,0.0,0.007732598337945603,0.0,6.202561182368085e-05,0.0035833048672993017,0.0,0.0,0.0,0.0,0.9886220711829314
David E. Price,0.13791768547267794,0.0038527335618259656,0.06334229026579107,0.031187099462784387,0.3228144018266062,0.0,0.10451688486370905,0.0032955200376606525,0.11135160669741354,0.04552452074156147,0.17619725706996991
Shelley Moore Capito,0.4646869717245048,0.0208725151159698,0.05954341134988028,0.007613236671230237,0.08218957814768538,0.03171086695305325,0.0828742081151957,0.017557328647517682,0.11315417320473904,0.011739008719871855,0.10805870135035192
Peter J. Visclosky,0.0,0.0,0.0,0.0,0.0,1.0,0.0,0.0,0.0,0.0,0.0
David B. Mckinley,0.034940104130215005,0.0,0.18768126670687665,0.0,0.08973041691147765,0.0,0.25801009629447946,0.04520491222931924,0.21725280501675043,0.0349140944264922,0.1322663042843893
David Cheston Rouzer,0.38633363154609857,0.0,0.015316325907209234,0.0,0.15670816906365279,0.0,0.13170397484526167,0.0,0.0,0.17392315979565856,0.13601473884211923
Kelly Loeffler,0.5071903848906912,0.0,0.012481642145002525,0.0,0.21382617790465608,0.1600920612772773,0.009490971065666917,0.03539095066063717,0.019415340307318937,0.008226438570818716,0.03388603317793106
Gerald E. Connolly,0.10585459,0.665933493,0.0,0.0,0.0,0.0,0.0,0.0,0.228211917,0.0,0.0
Austin Scott,0.0,0.0,0.0034626476172836007,0.0,0.09511024551385022,0.0,0.0,0.0,0.0,0.0,0.9014271068688662
John Curtis,0.08905272672519246,0.0,0.15720869440645474,0.0,0.05025388408132084,0.02445771593172007,0.05301955814648855,0.01001966077456453,0.09595906455564929,0.16075175990728105,0.3592769354713285
Andrew Garbarino,0.0,0.0,0.5538902495538903,0.0,0.0,0.37177281737177287,0.0,0.0,0.07433693307433692,0.0,0.0
Kathy Manning,0.2287760068670288,0.010355093770088749,0.09953625013068557,0.0,0.015851241136363475,0.0160816267741798,0.05216654004601814,0.07656121174436156,0.10414511205140525,0.04778997417043372,0.3487369433094349
Beto O'Rourke,0.5934301057686511,0.015182224477542881,0.024151550144037463,0.0,0.17616399435909083,0.046775362719107205,0.07000449355012324,0.017457370730197062,0.0257266512965359,0.0,0.03110824695471423
Bob Gibbs,0.1139472346997411,0.0,0.004796420242437838,0.001905320574418726,0.19177162673020576,0.1294027409071271,0.0988985156757829,0.006171490069910168,0.12341619433646674,0.04825547974226723,0.28143497702164255
Carlos Curbelo,0.09927945494852562,0.014134392766414986,0.185963325367553,0.022370801268756707,0.14163030858109524,0.04388904341492269,0.0252151059293291,0.0165460784428831,0.0682316484576855,0.24694532880660236,0.1357945120162318
Ed Whitfield,0.07067729085869538,0.010829748359764236,0.11140826092239396,0.0045268729638505405,0.3266756898719257,0.0037560050824024162,0.13943047888756532,0.0,0.07010138190693455,0.09000759931097596,0.17258667183549187
Brad Ashford,0.0,0.0,0.623364335,0.0,0.329710645,0.0,0.002256181,0.044668839,0.0,0.0,0.0
Lou Barletta,0.2266839046260761,0.025343822675326932,0.1862101228566877,0.0,0.0607068032531221,0.018681007071482347,0.0557765885056852,0.0008987606813539434,0.11823645033896635,0.012045958761510213,0.29541658122978903
Richard L. Hanna,0.16861802848007457,0.00025665508663225167,0.11777557106616786,0.0,0.06585420177469958,0.0031940301098709006,0.10103756651366676,0.0005768479361448408,0.31613170621319875,0.07515404578214735,0.15140134703739722
Frank A. Lobiondo,0.285632047285632,0.0,0.12534031612534036,0.0,0.0,0.0,0.0,0.0,0.1798754411798754,0.0,0.40915219540915226
Brian Mast,0.0,0.0,0.4580276035659376,0.0,0.03282191776451602,0.08024560192808426,0.021906042986830913,0.0,0.04112756940931793,0.17623303671170482,0.18963822763360855
Mikie Sherrill,0.11778402665358087,0.0,0.06359848426883531,0.0,0.06143969389114507,0.045329720590005895,0.07487264565922395,0.0,0.177104544114414,0.012481048924465898,0.44738983589832904
Mo Brooks,0.005058044978933602,0.7972455042825916,0.05771704574708092,0.0,0.0,0.0,0.007816014233727303,0.0,0.006975134863360903,0.12518825589430566,0.0
John Rutherford,0.20441625116272086,0.017949535277479275,0.1187319445676094,0.024202818745228102,0.0726959629725375,0.11744890995204127,0.09006698587587336,0.035783120700495046,0.17730045826412522,0.053095246197109015,0.08830876628478085
Gary Peters,0.1029671691789778,0.03700757371794214,0.013064734426064414,0.4328870893693798,0.04215282856606085,0.0,0.032516188152304934,0.015515426906993517,0.26300143039094387,0.027930774567472335,0.03295678472386023
Eric Cantor,0.0,0.0,0.0,0.0,0.0,0.0,0.0,1.0,0.0,0.0,0.0
Tammy Duckworth,0.0,0.0,0.0,0.0,0.5980613725980615,0.0,0.020794837020794803,0.0,0.11849127311849122,0.0,0.26265251726265254
John Hoeven,0.19999740659646906,0.0,0.17173395209044298,0.014396131680117713,0.11850185276639286,0.06660139858138457,0.17693308007483702,0.031326707566887976,0.0644449243149098,0.020698633801034948,0.13536591252752306
Steve Knight,1.0,0.0,0.0,0.0,0.0,0.0,0.0,0.0,0.0,0.0,0.0
Tina Smith,0.0,0.0,0.0,0.0,0.0,0.0,0.0,0.0,1.0,0.0,0.0
Debbie Wasserman Schultz,0.0,0.0,0.0,0.024692388491119908,0.17944595778398645,0.04997305339247191,0.0,0.07368954773924132,0.05154702013264651,0.0,0.6206520324605339
Peter Welch,0.29176740383592004,0.05464594213754043,0.0,0.0,0.1820291469977603,0.0,0.05777048959680974,0.0,0.11252113681462737,0.0,0.3012658806173422
William R. Keating,0.14535870720416627,0.0,0.13387295510823177,0.019305620605103137,0.12062138121619853,0.0,0.10895053956731432,0.018336115628221537,0.15650365668837402,0.04212639709446688,0.2549246268879235
Linda T. Sánchez,0.7067054112618535,0.0,0.2932945887381465,0.0,0.0,0.0,0.0,0.0,0.0,0.0,0.0
August Lee Pfluger Ii,0.587664142,0.0,0.010418614,0.0,0.0,0.0,0.0,0.0,0.0,0.401917244,0.0
Marjorie Taylor Greene,0.14870396233244054,0.027123202426355266,0.09953110997738439,0.0,0.11759833512884367,0.02112106161355665,0.3073224379919518,0.016810417160815442,0.047984654828978776,0.022691607144844923,0.1911132113948287
Raul Ruiz,1.0,0.0,0.0,0.0,0.0,0.0,0.0,0.0,0.0,0.0,0.0
Justin Amash,0.0,0.0,0.4269793730968741,0.0,0.0,0.0,0.0,0.0,0.0,0.5220845409919177,0.0509360859112082
Jacky Rosen,0.0,0.49965266785681445,0.012452670880638604,0.0,0.17065969232981137,0.0,0.0,0.0,0.11497038165826357,0.11770873198894176,0.08455585528553024
Debbie Dingell,0.08870896961131476,0.01960187848516536,0.11042722770583514,0.0,0.17881899026434214,0.07362417437397512,0.13530718359036323,0.018813713807519557,0.1659557418334764,0.15271515911651096,0.056026961211497264
Luis V. Gutierrez,0.0,0.0,0.0,0.0,0.0,0.0,0.0,0.0,0.0,0.0,1.0
Ron Wyden,0.025765016040312536,0.0,0.1294891115814868,0.031601203491949045,0.09614669672064644,0.0001495859946807002,0.03699120286833835,0.04748091395176047,0.0,0.11676785008737287,0.5156084192634528
Mrs. Marjorie Taylor Greene,0.1342393347315402,0.0,0.16993843632408293,0.0,0.15613197845330123,0.0,0.20742993720558686,0.0,0.08903691402720977,0.032589400620080824,0.2106339986381983
Blake Moore,0.09408723590591275,0.0,0.5910154094089849,0.0,0.05095728194904263,0.0,0.011359038988640907,0.0,0.07236800292763194,0.029523399970476517,0.1506896308493104
Robert E. Latta,1.0,0.0,0.0,0.0,0.0,0.0,0.0,0.0,0.0,0.0,0.0
Deborah K. Ross,0.05336452992942844,0.0,0.017380018303353527,0.0,0.08587975522295012,0.013460540547815302,0.026205000855785435,0.2943160614490986,0.041119780337571875,0.09908196233633398,0.36919235101766273
Daniel Meuser,0.32284137332284135,0.0,0.0,0.0,0.0,0.0,0.0,0.0,0.0,0.31456987431456984,0.36258875236258875
Randy Neugebauer,0.7853092852144539,0.0,0.013618189557272451,0.0,0.014956729342765106,0.08180833635176969,0.02086316059395939,0.0036887704059170704,0.034517656908982404,0.0,0.045237871624880036
Barbara J  Comstock,0.025086630485949748,0.0,0.09140592240200056,0.0,0.03342871033047609,0.0,0.0,0.0,0.0005133198193262246,0.04958106689548358,0.7999843500667638
Jeffry Flake,0.0,0.0,0.4123513786559176,0.0,0.0,0.0,0.0,0.0,0.0,0.013477997150326503,0.574170624193756
Kathy Castor,0.33609380703544617,0.0,0.09411863454087822,0.0,0.10030469665997879,0.0,0.07568302602538847,0.0,0.13859771123446135,0.02331310997668681,0.23188901452716013
Jim Mcdermott,1.0,0.0,0.0,0.0,0.0,0.0,0.0,0.0,0.0,0.0,0.0
Pat Toomey,0.7571502562489647,0.08620799775861403,0.00781994029387914,0.002278256538905895,0.03480511498462785,0.0058226255524839255,0.014861793656089178,0.038278930125678415,0.007725927233461108,0.012526591950949644,0.03252256565634611
Bill Cassidy,0.10670958811620734,0.011513800789720426,0.06444854859007464,0.03712698640254358,0.16410631176731796,0.10336578615180374,0.09768471274636183,0.055969885525857126,0.16672614767553876,0.03645219787531738,0.1558960343592573
Michael Garcia,0.0,0.0,0.6483886097484804,0.0,0.33313633596939046,0.0,0.0,0.0,0.0,0.0,0.01847505428212914
Ted Cruz,0.1975339388396964,0.0,0.0,0.0,0.0,0.8024660611603036,0.0,0.0,0.0,0.0,0.0
Michael G. Fitzpatrick,0.1770078824163349,0.004976372556673109,0.07784213202496534,0.0,0.11307588156880637,0.049956476432367475,0.14594615938709377,0.031432945404607754,0.23172938085346578,0.0,0.16803276935568565
Jerry Moran,0.18795264847806645,0.0,0.00998743245113191,0.022258207040600525,0.0,0.18086876901004598,0.13159592440840093,0.0,0.12143244782644763,0.176481422732677,0.1694231480526295
Garret Graves,0.2613655381191184,0.0,0.2861814181887343,0.0,0.05359956578293001,0.0,0.0,0.17706445076851174,0.11486592231274538,0.0,0.10692310482796014
Steve Cohen,0.33194040232123795,0.0957433410130315,0.1327238359098726,0.059388499290981285,0.17983083187750817,0.029741739461164374,0.03174002340352438,0.04917287723887826,0.04394991624917906,0.021395784612739527,0.024372748621882833
Carlos Mr Curbelo,0.2046942243468809,0.0,0.19431020993144907,0.0,0.07713965762564252,0.017484974373390274,0.022724935972411302,0.02551713573573337,0.22001718656063218,0.0,0.23811167545386047
Cheri Bustos,0.0,0.0,0.41419176200528995,0.0,0.0,0.0,0.0,0.0,0.5499429640266199,0.008198460986068702,0.027666812982021508
Roger W. Marshall,0.0,0.0,0.4732747020336214,0.0,0.0,0.0,0.0,0.005135427524098606,0.19373766848469903,0.15532975656621567,0.1725224453913653
Deborah Ross,0.0,0.0,0.0,0.0,0.0,0.0,0.0,0.0,0.0,0.0,1.0
Christopher L. Jacobs,0.24651545019918186,0.0,0.0016915718601254017,0.3337995681600343,0.06300525583170687,0.08908237922322867,0.0,0.035365356701984534,0.22880300496006953,0.0,0.0017374130636688017
Rick Larsen,0.17041128217041127,0.0,0.0,0.04069908904069904,0.12183769212183772,0.0,0.31201388031201394,0.0,0.3031198183031198,0.0,0.051918238051918246
Gary Palmer,0.2695698145350164,0.0,0.14605567919935064,0.006570877830186224,0.04517273042811846,0.06282502934618853,0.13668123848116429,0.01438207529293875,0.11111112072569798,0.055181491188977395,0.15244994297236147
Tom Rice,0.0,0.0,0.0,0.0,0.0330129912320829,0.9339584937694758,0.0,0.0,0.0,0.0,0.0330285149984413
Bill Hagerty,0.0,0.0,0.879443775,0.0,0.120556225,0.0,0.0,0.0,0.0,0.0,0.0
Adam Kinzinger,0.275673741929161,0.0,0.0,0.0,0.22575162873051732,0.1923062999717336,0.30626832936858817,0.0,0.0,0.0,0.0
John Kennedy,0.14399312314399312,0.0,0.09778637409778637,0.0,0.1843971631843972,0.0,0.0,0.0,0.13346228213346228,0.0,0.4403610574403611
Brenda Lulenar Lawrence,0.0,0.0,0.5441050217496988,0.0,0.0,0.0,0.0,0.0,0.0,0.0,0.45589497825030123
Zoe Lofgren,0.17388618687111287,0.056043756477747515,0.0996078305117656,0.02097085821038628,0.07521279352811398,0.0,0.11162559511431415,0.011328563235268643,0.20519625998004962,0.06273646539422695,0.1833916906770144
Dwight Evans,0.03223634223298426,0.028115841056510146,0.16928225260921492,0.010972572757314019,0.10183115380854678,0.0558258618806696,0.007137788805337013,0.004672864504659508,0.14267561109458096,0.3952352917062243,0.052014419543958586
Mark Green,0.0,0.04878326759524392,0.0,0.0,0.0,0.9512167324047561,0.0,0.0,0.0,0.0,0.0
Joe Courtney,0.25191506843185857,0.0012805897497492381,0.0691130533972861,0.025921919668353346,0.051045664935014085,0.048406478444929076,0.08293533440931926,0.00806424674166344,0.16921140099107934,0.0033560953289622883,0.2887501479017852
Lloyd Doggett,0.0,0.0,0.25359824,0.0,0.0,0.0,0.40948151,0.117619164,0.038485682,0.0,0.180815404
Dean Heller,0.19998389680718348,0.0,0.07266001714190248,0.008670237863001307,0.07244384902783566,0.04940804120645869,0.07355311881685063,0.0,0.18641600942737738,0.0063046346376699055,0.3305601950717206
Chris Coons,0.0,0.0,0.0,0.0,0.0,0.0,0.0,0.0,0.0,0.468505942,0.531494058
HON. GREG STANTON,0.13765235465716333,0.010766535176348043,0.07283426910755389,0.010354017872505143,0.06551397721291087,0.027937787690850712,0.06286149304544186,0.008075546598866333,0.17008416654742986,0.08105514536348732,0.35286470672744263
Maria Elvira Salazar,0.0,0.07050189004524482,0.0,0.0,0.0,0.7277000840740906,0.0,0.0,0.20179802588066464,0.0,0.0
Larry Bucshon,1.0,0.0,0.0,0.0,0.0,0.0,0.0,0.0,0.0,0.0,0.0
James E Hon Banks,0.0,0.0,0.40266877199999995,0.0,0.0,0.0,0.0,0.0,0.0,0.597331228,0.0
Kenneth R. Buck,0.0,0.0,0.0,0.0,0.0,0.9757675969463885,0.0,0.0,0.0019751129550106008,0.0,0.022257290098600908
Kim Dr Schrier,0.0,0.0,0.0,0.0,0.0,0.0,0.0,0.0,0.0,0.0,1.0
John Hickenlooper,0.0,0.0,0.27306613365159776,0.0,0.0,0.0,0.0,0.0,0.010106637892239702,0.6163682999951666,0.10045892846099583
David Trone,1.0,0.0,0.0,0.0,0.0,0.0,0.0,0.0,0.0,0.0,0.0
Markwayne Mullin,0.13042524746903558,0.0,0.1380676936434401,0.0,0.12180308954685888,0.08627421262455949,0.07870213471250999,0.015517002814455534,0.16400284142053956,0.06789647175646805,0.19731130601213276
Thomas H. Kean Jr.,0.08650866808650864,0.0,0.08830609008830605,0.0,0.0,0.0,0.0,0.0,0.08344080008344074,0.6314810146314812,0.11026342711026346
John Boozman,0.46755300198927763,0.03409754396123853,0.03284702276636091,0.0,0.05960817633674207,0.04643601975069776,0.11946645691245966,0.0,0.20014183682554784,0.0,0.03984994145767561
Morgan Mcgarvey,0.465472098,0.0,0.285563755,0.0,0.0,0.0,0.0,0.0,0.0,0.0,0.248964147
Carol Devine Miller,0.2538112497689475,0.0019690217310971967,0.03484406962715564,0.0,0.14021397880112663,0.0788217910163448,0.13063718387475862,0.03128580592789166,0.22330055888863432,0.00681014894610657,0.09830619141793703
Gary C. Peters,0.6930457600000001,0.0,0.044256253,0.08971799999999999,0.148391926,0.024588061,0.0,0.0,0.0,0.0,0.0
Roy Blunt,0.0,0.0,1.0,0.0,0.0,0.0,0.0,0.0,0.0,0.0,0.0
Louise Mcintosh Slaughter,0.0,0.0,0.0,0.0,0.0,0.0,1.0,0.0,0.0,0.0,0.0
W. Greg Steube,1.0,0.0,0.0,0.0,0.0,0.0,0.0,0.0,0.0,0.0,0.0
Jon Kyl,0.0,0.0,0.105176782,0.0,0.0,0.0,0.1203106,0.0,0.0,0.0,0.7745126179999999
Dan Newhouse,0.2002477645995046,0.022238392955523247,0.17590121464819755,0.0,0.07368769985262456,0.006288465987423012,0.07045700185908604,0.02571659094856685,0.11845841976308312,0.09632907580734179,0.21067537357864913
Joseph D. Morelle,0.0,0.0,0.494611002,0.0,0.0,0.0,0.0,0.0,0.0,0.505388998,0.0
James French Hill,0.4263728265358099,0.0564581576833104,0.022233376245047388,0.029697443156698294,0.11360309067420558,0.047071056696097346,0.06515161739083367,0.011679825640422057,0.09021510959089113,0.02167132530946607,0.11584617107721829
Aston Donald Mceachin,0.212681588,0.169567102,0.038944544,0.0,0.0,0.0,0.0,0.0,0.0,0.0,0.578806766
James E. Banks,0.0,0.0,0.9580346203708092,0.0,0.0,0.0,0.04196537962919081,0.0,0.0,0.0,0.0
Hakeem S. Jeffries,0.3973788749282359,0.15842431105549634,0.05470272409685403,0.0,0.12928942622178827,0.007258509534777901,0.05408358546422558,0.09651646680073463,0.048323401211339136,0.003247087884931156,0.050775612801617034
Nicholas V. Taylor,0.0,0.0,0.0,0.0,0.0,1.0,0.0,0.0,0.0,0.0,0.0
A. Mitchell Jr. McConnell,0.962312495,0.0,0.0,0.0,0.0,0.0,0.037687505,0.0,0.0,0.0,0.0
Patrick Toomey,0.0,0.0,0.059175362698160615,0.9267550367362483,0.0,0.0,0.0,0.0,0.0,0.0,0.014069600565591204
William L. Owens,0.0,0.0,0.0,0.0,0.0,0.0,0.0,0.0,0.7092441761686327,0.29075582383136733,0.0
Grace Meng,0.0,0.0,0.0,0.0,1.0,0.0,0.0,0.0,0.0,0.0,0.0
Barbara J. Comstock,0.0,0.0,0.0,0.0,0.0,0.0,0.0,0.0,0.0,0.0,1.0
Jared Moskowitz,0.20049620697181356,0.033317309470103126,0.031415229132275325,0.0,0.09898004842560279,0.0,0.12662120899354762,0.0,0.15615922980854455,0.1275886608114915,0.2254221063866215
William M. Cassidy,0.0,0.0,0.0,0.0,0.0,1.0,0.0,0.0,0.0,0.0,0.0
Rodney Leland Blum,0.0,0.0,0.16438631,0.0,0.0,0.6242618609999999,0.211351829,0.0,0.0,0.0,0.0
John A. Boehner,0.0,0.0,0.0,0.0,0.156832438,0.053005993,0.171778112,0.0,0.474907511,0.0,0.143475946
Tim Kaine,0.0,0.0,0.0,0.0,0.0,1.0,0.0,0.0,0.0,0.0,0.0
Anthony E. Gonzalez,0.0,0.0,0.0,0.0,0.0,0.0,0.0,0.0,0.2705265847294734,0.7294734152705266,0.0
Mick Mulvaney,0.8489823430769818,0.0,0.008234736153419115,0.0,0.03731865465977107,0.0,0.01188522963570182,0.06084758057056345,0.018544698329144037,0.0,0.014186757574418547
George Holding,1.0,0.0,0.0,0.0,0.0,0.0,0.0,0.0,0.0,0.0,0.0
Jim Costa,1.0,0.0,0.0,0.0,0.0,0.0,0.0,0.0,0.0,0.0,0.0
John D. Dingell,0.065685844,0.0,0.0,0.046040698,0.8520968950000001,0.016191332,0.0,0.0,0.0,0.019985231,0.0
Robert B. Aderholt,0.0,0.0,0.0,0.0,0.0,0.0,0.0,0.0,0.0,0.0,1.0
John Cornyn,0.0,0.0,0.0,0.0,0.0,0.0,0.0,0.0,0.0,0.0,1.0
Mary Gay Scanlon,0.0,0.0,0.0,0.0,0.0,0.0,0.0,1.0,0.0,0.0,0.0
Charlie Joseph Crist,1.0,0.0,0.0,0.0,0.0,0.0,0.0,0.0,0.0,0.0,0.0
Ron Estes,0.0,0.0,0.0,0.0,0.871329064,0.128670936,0.0,0.0,0.0,0.0,0.0
Harley E. Rouda Jr.,0.0,0.0,1.0,0.0,0.0,0.0,0.0,0.0,0.0,0.0,0.0
Scott Franklin,0.2378426029499556,0.0,0.1781214842599088,0.0,0.2714835423449096,0.0,0.08287486642914663,0.0,0.07124570962164224,0.0,0.15843179439443714
Scott Mr Franklin,0.0021093280973304056,0.0,0.0005802358870063125,0.0,0.0004983202262919856,0.0005341583278545036,0.48187810707872925,0.0,0.0016280736275367381,0.5096675147754509,0.0031042619797999956
Greg Steube,1.0,0.0,0.0,0.0,0.0,0.0,0.0,0.0,0.0,0.0,0.0
Sara Jacobs,0.125312504,0.0,0.874687496,0.0,0.0,0.0,0.0,0.0,0.0,0.0,0.0
Elizabeth Fletcher,0.0,0.0,0.3326525853326526,0.0,0.0,0.0,0.48753717848753725,0.0,0.0,0.0,0.17981023617981023
Scott H. Peters,0.08753413966338444,0.11128722873638075,0.01631919351137631,0.0,0.24185022137187712,0.13161941779932607,0.0,0.0,0.0,0.33241318446471696,0.07897661445293834
Seth Moulton,0.0,0.0,1.0,0.0,0.0,0.0,0.0,0.0,0.0,0.0,0.0
Warren Davidson,0.0,0.0,0.0,0.0,0.3209556796761817,0.0,0.0,0.6790443203238183,0.0,0.0,0.0
Jamie Raskin,0.0,0.0,0.0,0.0,0.0,0.0,0.0,1.0,0.0,0.0,0.0
Jackie Speier,0.942467249,0.0,0.019007245,0.0,0.0,0.0,0.0,0.0,0.0,0.0,0.038525506
Tom Graves Jr.,0.0,0.0,0.0,0.0,0.0,0.0,1.0,0.0,0.0,0.0,0.0
Patty Murray,0.5092779432757115,0.03416738770341545,0.11960164653023338,0.037498405917179053,0.05783655196714549,0.0006383832118617009,0.09111668517998413,0.0,0.04296811107896046,0.019346940762313827,0.08754794437319492
Abigail Spanberger,0.0,0.0,0.0,0.0,1.0,0.0,0.0,0.0,0.0,0.0,0.0
Elaine Luria,0.0,0.0,0.0046382480190936,0.0,0.0,0.0,0.0,0.0,0.0,0.0,0.9953617519809064
Brian Babin,0.0,0.0,0.0,0.0,0.166650134,0.046473268,0.0,0.7868765980000001,0.0,0.0,0.0
Ashley Hinson Arenholz,0.0,0.0,1.0,0.0,0.0,0.0,0.0,0.0,0.0,0.0,0.0
George Miller,0.0,0.0,0.0,0.0,0.0,0.0,0.0,0.0,0.0,1.0,0.0
David Kustoff,0.0,0.0,0.0,0.0,0.0,0.0,0.0,0.0,0.0,1.0,0.0
Joe Manchin,1.0,0.0,0.0,0.0,0.0,0.0,0.0,0.0,0.0,0.0,0.0
Susan W. Brooks,0.07351640099999998,0.0,0.049746426999999954,0.0,0.18169042999999999,0.25692078600000007,0.06675053599999997,0.0,0.0,0.0918799969999999,0.279495423
Steve Womack,0.0,0.0,0.0,1.0,0.0,0.0,0.0,0.0,0.0,0.0,0.0
Steve Chabot,0.0,0.0,0.5050364067315555,0.0,0.0,0.0,0.0,0.0,0.12828265519724621,0.36668093807119834,0.0
William R. Timmons Iv,0.0,0.0,0.889388311,0.0,0.0,0.0,0.0,0.0,0.0,0.0,0.110611689
Ed Case,0.0,0.0,0.0,0.0,0.0,0.0,0.0,0.0,0.0,0.0,1.0
Neal P. Dunn,0.0,1.0,0.0,0.0,0.0,0.0,0.0,0.0,0.0,0.0,0.0
Mark R Meadows,0.1171967377754007,0.0,0.3941273939814779,0.0,0.0,0.0,0.2521758220528744,0.0,0.0,0.1243519601397463,0.1121480860505007
Mrs. Susan A. Davis,1.0,0.0,0.0,0.0,0.0,0.0,0.0,0.0,0.0,0.0,0.0
Lindsey Graham,0.6711776566711777,0.06896055306896054,0.056435358056435354,0.0,0.0,0.0,0.060178520060178514,0.0,0.07731068207731069,0.0,0.06593723006593723
David A Perdue  Jr,0.048631410048631404,0.0,0.27232048627232047,0.0,0.0,0.0,0.0,0.033162702033162704,0.0,0.6458854016458855,0.0
Cynthia Lummis,0.0,0.0,0.0,0.0,1.0,0.0,0.0,0.0,0.0,0.0,0.0
Brian Higgins,0.0,0.0,0.0,0.0,0.0,0.0,0.0,0.0,0.0,0.0,1.0
